Time,Temperature,Humidity
02:46:37,30.7,81.1
02:47:01,30.6,81.2
02:47:25,30.6,81.2
02:47:49,30.6,81.3
02:48:13,30.6,81.3
02:48:37,30.6,81.3
02:49:01,30.6,81.4
02:49:25,30.6,81.4
02:49:49,30.6,81.4
02:50:13,30.6,81.4
02:50:37,30.6,81.5
02:51:01,30.6,81.6
02:51:25,30.6,81.6
02:51:49,30.6,81.6
02:52:13,30.6,81.6
02:52:37,30.6,81.6
02:53:01,30.6,81.6
02:53:25,30.6,81.6
02:53:49,30.6,81.7
02:54:13,30.6,81.7
02:54:37,30.6,81.8
02:55:01,30.6,81.8
02:55:25,30.6,81.9
02:55:49,30.6,82.0
02:56:13,30.6,81.9
02:56:37,30.6,82.0
02:57:01,30.6,82.0
02:57:25,30.6,82.0
02:57:49,30.6,82.0
02:58:13,30.6,82.0
02:58:37,30.6,82.0
02:59:01,30.6,81.9
02:59:25,30.6,82.0
02:59:49,30.6,82.0
03:00:13,30.6,81.9
03:00:37,30.6,82.0
03:01:01,30.6,82.0
03:01:25,30.6,82.0
03:01:49,30.5,82.0
03:02:13,30.6,82.0
03:02:37,30.5,82.0
03:03:01,30.6,82.0
03:03:25,30.5,82.0
03:03:49,30.5,82.0
03:04:13,30.5,82.0
03:04:37,30.6,82.0
03:05:01,30.6,82.0
03:05:25,30.6,82.0
03:05:49,30.5,82.0
03:06:13,30.5,82.0
03:06:37,30.5,82.0
03:07:01,30.5,82.0
03:07:25,30.5,81.9
03:07:49,30.5,81.9
03:08:13,30.6,81.9
03:08:37,30.6,81.9
03:09:01,30.5,81.9
03:09:25,30.5,81.9
03:09:49,30.5,81.9
03:10:13,30.5,81.9
03:10:37,30.5,81.9
03:11:01,30.5,81.9
03:11:25,30.6,81.9
03:11:49,30.6,81.9
03:12:13,30.5,81.9
03:12:37,30.6,81.9
03:13:01,30.6,81.8
03:13:25,30.5,81.8
03:13:49,30.6,81.8
03:14:13,30.5,81.8
03:14:37,30.5,81.8
03:15:01,30.5,81.8
03:15:25,30.6,81.8
03:15:49,30.5,81.8
03:16:13,30.6,81.8
03:16:37,30.5,81.8
03:17:01,30.5,81.8
03:17:25,30.6,81.7
03:17:49,30.6,81.8
03:18:13,30.6,81.7
03:18:37,30.6,81.7
03:19:01,30.5,81.7
03:19:25,30.5,81.7
03:19:49,30.5,81.7
03:20:13,30.5,81.7
03:20:37,30.5,81.7
03:21:01,30.6,81.7
03:21:25,30.5,81.7
03:21:49,30.5,81.7
03:22:13,30.5,81.7
03:22:37,30.5,81.7
03:23:01,30.5,81.7
03:23:25,30.6,81.7
03:23:49,30.5,81.7
03:24:13,30.5,81.7
03:24:37,30.5,81.7
03:25:01,30.5,81.7
03:25:25,30.5,81.7
03:25:49,30.5,81.7
03:26:13,30.5,81.6
03:26:37,30.5,81.7
03:27:01,30.5,81.7
03:27:25,30.5,81.7
03:27:49,30.5,81.7
03:28:13,30.5,81.6
03:28:37,30.5,81.7
03:29:01,30.5,81.6
03:29:25,30.5,81.6
03:29:49,30.5,81.6
03:30:13,30.5,81.6
03:30:37,30.5,81.6
03:31:01,30.5,81.6
03:31:25,30.5,81.6
03:31:49,30.5,81.7
03:32:13,30.5,81.7
03:32:37,30.5,81.7
03:33:01,30.5,81.6
03:33:25,30.5,81.7
03:33:49,30.5,81.7
03:34:13,30.5,81.6
03:34:37,30.5,81.6
03:35:01,30.5,81.6
03:35:25,30.5,81.6
03:35:49,30.5,81.6
03:36:13,30.5,81.6
03:36:37,30.5,81.6
03:37:01,30.5,81.6
03:37:25,30.5,81.6
03:37:49,30.5,81.6
03:38:13,30.5,81.6
03:38:37,30.5,81.6
03:39:01,30.5,81.6
03:39:25,30.5,81.6
03:39:49,30.5,81.6
03:40:13,30.5,81.6
03:40:37,30.5,81.6
03:41:01,30.5,81.7
03:41:25,30.5,81.7
03:41:49,30.5,81.6
03:42:13,30.5,81.7
03:42:37,30.5,81.7
03:43:01,30.5,81.7
03:43:50,30.5,81.7
03:44:14,30.5,81.8
03:44:38,30.5,81.7
03:45:02,30.5,81.7
03:45:26,30.5,81.8
03:45:50,30.5,81.7
03:46:14,30.5,81.8
03:46:38,30.5,81.7
03:47:02,30.5,81.7
03:47:26,30.5,81.7
03:47:50,30.5,81.8
03:48:14,30.5,81.8
03:48:38,30.5,81.8
03:49:02,30.5,81.8
03:49:26,30.5,81.8
03:49:50,30.5,81.8
03:50:14,30.5,81.8
03:50:38,30.5,81.8
03:51:02,30.5,81.8
03:51:26,30.5,81.8
03:51:50,30.5,81.8
03:52:14,30.5,81.8
03:52:38,30.5,81.8
03:53:02,30.5,81.8
03:53:26,30.5,81.8
03:53:50,30.5,81.8
03:54:14,30.5,81.9
03:54:38,30.5,81.8
03:55:02,30.5,81.8
03:55:26,30.5,81.8
03:55:50,30.5,81.9
03:56:14,30.5,81.8
03:56:38,30.5,81.9
03:57:02,30.5,81.8
03:57:26,30.5,81.8
03:57:50,30.5,81.8
03:58:14,30.5,81.9
03:58:38,30.5,81.9
03:59:02,30.5,81.8
03:59:26,30.5,81.8
03:59:50,30.5,81.9
04:00:14,30.5,81.9
04:00:38,30.5,81.9
04:01:02,30.5,81.9
04:01:26,30.5,81.9
04:01:50,30.5,81.9
04:02:14,30.5,81.9
04:02:38,30.5,81.9
04:03:02,30.5,81.9
04:03:26,30.4,81.9
04:03:50,30.5,81.9
04:04:14,30.5,81.9
04:04:38,30.5,81.9
04:05:02,30.5,81.9
04:05:26,30.5,81.9
04:05:50,30.5,81.9
04:06:14,30.5,81.9
04:06:38,30.5,81.9
04:07:02,30.5,81.9
04:07:26,30.5,81.9
04:07:50,30.5,81.9
04:08:14,30.5,81.9
04:08:38,30.4,81.9
04:09:02,30.4,81.9
04:09:26,30.5,81.9
04:09:50,30.5,81.9
04:10:14,30.5,81.9
04:10:38,30.5,81.9
04:11:02,30.5,81.9
04:11:26,30.4,82.0
04:11:50,30.5,82.0
04:12:14,30.5,82.0
04:12:38,30.5,82.0
04:13:02,30.5,81.9
04:13:26,30.5,82.0
04:13:50,30.5,82.0
04:14:14,30.5,82.0
04:14:38,30.5,82.0
04:15:02,30.5,82.0
04:15:26,30.5,82.0
04:15:50,30.5,82.0
04:16:14,30.5,82.0
04:16:38,30.5,82.0
04:17:02,30.5,82.0
04:17:26,30.5,82.0
04:17:50,30.5,82.0
04:18:14,30.5,82.0
04:18:38,30.5,82.0
04:19:02,30.5,82.0
04:19:26,30.5,82.0
04:19:50,30.5,81.9
04:20:14,30.5,82.0
04:20:38,30.5,82.0
04:21:02,30.5,82.0
04:21:26,30.5,82.0
04:21:50,30.5,82.0
04:22:14,30.5,82.0
04:22:38,30.5,82.0
04:23:02,30.5,82.0
04:23:26,30.5,82.0
04:23:50,30.5,82.0
04:24:14,30.5,82.0
04:24:38,30.5,82.0
04:25:02,30.5,82.0
04:25:26,30.5,81.9
04:25:50,30.4,81.9
04:26:14,30.5,82.0
04:26:38,30.4,82.0
04:27:02,30.5,82.0
04:27:26,30.5,82.0
04:27:50,30.5,82.0
04:28:14,30.5,82.0
04:28:38,30.4,82.0
04:29:02,30.5,82.0
04:29:26,30.5,82.1
04:29:50,30.5,82.1
04:30:14,30.5,82.1
04:30:38,30.5,82.1
04:31:02,30.5,82.1
04:31:26,30.5,82.0
04:31:50,30.5,82.0
04:32:14,30.5,82.0
04:32:38,30.5,82.0
04:33:02,30.5,82.1
04:33:26,30.5,82.1
04:33:50,30.5,82.1
04:34:14,30.5,82.0
04:34:38,30.5,82.1
04:35:02,30.5,82.0
04:35:26,30.5,82.0
04:35:50,30.5,82.0
04:36:14,30.4,82.0
04:36:38,30.5,82.0
04:37:02,30.5,82.0
04:37:26,30.5,82.0
04:37:50,30.5,82.0
04:38:14,30.5,81.9
04:38:38,30.5,81.9
04:39:02,30.4,81.9
04:39:26,30.5,81.9
04:39:50,30.5,81.9
04:40:14,30.5,81.9
04:40:38,30.5,81.9
04:41:02,30.5,81.8
04:41:26,30.5,81.8
04:41:50,30.5,81.8
04:42:14,30.4,81.8
04:42:38,30.5,81.8
04:43:02,30.5,81.8
04:43:26,30.5,81.8
04:44:13,30.4,81.7
04:44:37,30.5,81.7
04:45:01,30.5,81.7
04:45:25,30.5,81.7
04:45:49,30.5,81.7
04:46:13,30.5,81.7
04:46:37,30.4,81.7
04:47:01,30.5,81.7
04:47:25,30.5,81.7
04:47:49,30.5,81.6
04:48:13,30.5,81.6
04:48:37,30.4,81.6
04:49:01,30.5,81.6
04:49:25,30.5,81.6
04:49:49,30.5,81.6
04:50:13,30.5,81.6
04:50:37,30.5,81.5
04:51:01,30.5,81.6
04:51:25,30.5,81.6
04:51:49,30.5,81.5
04:52:13,30.5,81.5
04:52:37,30.5,81.5
04:53:01,30.5,81.5
04:53:25,30.5,81.5
04:53:49,30.5,81.5
04:54:13,30.5,81.5
04:54:37,30.5,81.5
04:55:01,30.5,81.5
04:55:25,30.5,81.4
04:55:49,30.5,81.5
04:56:13,30.5,81.4
04:56:37,30.5,81.4
04:57:01,30.5,81.4
04:57:25,30.5,81.4
04:57:49,30.5,81.4
04:58:13,30.5,81.4
04:58:37,30.4,81.4
04:59:01,30.4,81.4
04:59:25,30.5,81.4
04:59:49,30.5,81.4
05:00:13,30.5,81.4
05:00:37,30.5,81.4
05:01:01,30.4,81.4
05:01:25,30.4,81.3
05:01:49,30.4,81.3
05:02:13,30.5,81.3
05:02:37,30.5,81.3
05:03:01,30.4,81.3
05:03:25,30.4,81.4
05:03:49,30.5,81.5
05:04:13,30.5,81.5
05:04:37,30.5,81.5
05:05:01,30.5,81.4
05:05:25,30.5,81.5
05:05:49,30.5,81.5
05:06:13,30.4,81.5
05:06:37,30.5,81.5
05:07:01,30.5,81.5
05:07:25,30.5,81.5
05:07:49,30.5,81.5
05:08:13,30.5,81.5
05:08:37,30.5,81.6
05:09:01,30.5,81.6
05:09:25,30.5,81.6
05:09:49,30.5,81.6
05:10:13,30.5,81.6
05:10:37,30.4,81.6
05:11:01,30.5,81.6
05:11:25,30.5,81.6
05:11:49,30.5,81.6
05:12:13,30.5,81.6
05:12:37,30.5,81.6
05:13:01,30.5,81.6
05:13:25,30.5,81.6
05:13:49,30.5,81.7
05:14:13,30.4,81.7
05:14:37,30.4,81.7
05:15:01,30.5,81.7
05:15:25,30.5,81.7
05:15:49,30.5,81.6
05:16:13,30.5,81.7
05:16:37,30.5,81.7
05:17:01,30.5,81.7
05:17:25,30.5,81.7
05:17:49,30.5,81.7
05:18:13,30.4,81.6
05:18:37,30.4,81.7
05:19:01,30.5,81.7
05:19:25,30.4,81.7
05:19:49,30.5,81.7
05:20:13,30.5,81.7
05:20:37,30.4,81.7
05:21:01,30.5,81.7
05:21:25,30.5,81.7
05:21:49,30.5,81.7
05:22:13,30.5,81.7
05:22:37,30.5,81.7
05:23:01,30.4,81.7
05:23:25,30.5,81.7
05:23:49,30.5,81.7
05:24:13,30.4,81.7
05:24:37,30.5,81.7
05:25:01,30.4,81.7
05:25:25,30.5,81.7
05:25:49,30.5,81.7
05:26:13,30.5,81.7
05:26:37,30.5,81.7
05:27:01,30.4,81.7
05:27:25,30.5,81.7
05:27:49,30.4,81.7
05:28:13,30.5,81.7
05:28:37,30.4,81.7
05:29:01,30.5,81.7
05:29:25,30.5,81.7
05:29:49,30.4,81.7
05:30:13,30.4,81.7
05:30:37,30.4,81.7
05:31:01,30.4,81.7
05:31:25,30.4,81.7
05:31:49,30.4,81.7
05:32:13,30.4,81.7
05:32:37,30.4,81.8
05:33:01,30.4,81.8
05:33:25,30.5,81.8
05:33:49,30.5,81.7
05:34:13,30.5,81.7
05:34:37,30.5,81.7
05:35:01,30.4,81.7
05:35:25,30.4,81.7
05:35:49,30.5,81.7
05:36:13,30.5,81.7
05:36:37,30.5,81.7
05:37:01,30.5,81.7
05:37:25,30.4,81.7
05:37:49,30.4,81.7
05:38:13,30.5,81.6
05:38:37,30.5,81.6
05:39:01,30.5,81.6
05:39:25,30.5,81.6
05:39:49,30.5,81.6
05:40:13,30.5,81.6
05:40:37,30.5,81.6
05:41:01,30.5,81.6
05:41:25,30.5,81.6
05:41:49,30.5,81.6
05:42:13,30.5,81.6
05:42:37,30.4,81.6
05:43:01,30.5,81.5
05:43:25,30.5,81.5
05:43:49,30.5,81.5
05:44:37,30.5,81.5
05:45:01,30.5,81.5
05:45:25,30.4,81.5
05:45:49,30.5,81.5
05:46:13,30.5,81.5
05:46:37,30.5,81.5
05:47:01,30.5,81.5
05:47:25,30.5,81.5
05:47:49,30.5,81.5
05:48:13,30.5,81.5
05:48:37,30.5,81.5
05:49:01,30.4,81.5
05:49:25,30.5,81.5
05:49:49,30.5,81.5
05:50:13,30.5,81.5
05:50:37,30.4,81.4
05:51:01,30.5,81.4
05:51:25,30.5,81.4
05:51:49,30.5,81.4
05:52:13,30.5,81.4
05:52:37,30.4,81.4
05:53:01,30.5,81.4
05:53:25,30.5,81.4
05:53:49,30.5,81.4
05:54:13,30.5,81.4
05:54:37,30.5,81.4
05:55:01,30.5,81.4
05:55:25,30.5,81.4
05:55:49,30.5,81.4
05:56:13,30.5,81.4
05:56:37,30.5,81.3
05:57:01,30.4,81.3
05:57:25,30.5,81.3
05:57:49,30.5,81.3
05:58:13,30.4,81.3
05:58:37,30.5,81.3
05:59:01,30.5,81.3
05:59:25,30.5,81.3
05:59:49,30.4,81.3
06:00:13,30.5,81.3
06:00:37,30.5,81.3
06:01:01,30.4,81.3
06:01:25,30.5,81.3
06:01:49,30.5,81.3
06:02:13,30.4,81.3
06:02:37,30.4,81.3
06:03:01,30.5,81.3
06:03:25,30.5,81.3
06:03:49,30.5,81.3
06:04:13,30.4,81.3
06:04:37,30.4,81.3
06:05:01,30.5,81.3
06:05:25,30.5,81.3
06:05:49,30.5,81.3
06:06:13,30.5,81.3
06:06:37,30.4,81.3
06:07:01,30.5,81.3
06:07:25,30.5,81.3
06:07:49,30.5,81.3
06:08:13,30.5,81.3
06:08:37,30.4,81.3
06:09:01,30.5,81.3
06:09:25,30.5,81.3
06:09:49,30.5,81.3
06:10:13,30.5,81.3
06:10:37,30.4,81.3
06:11:01,30.4,81.3
06:11:25,30.5,81.3
06:11:49,30.4,81.3
06:12:13,30.5,81.3
06:12:37,30.5,81.3
06:13:01,30.5,81.3
06:13:25,30.4,81.2
06:13:49,30.5,81.2
06:14:13,30.4,81.2
06:14:37,30.5,81.2
06:15:01,30.5,81.2
06:15:25,30.5,81.2
06:15:49,30.5,81.2
06:16:13,30.5,81.2
06:16:37,30.4,81.2
06:17:01,30.5,81.2
06:17:25,30.4,81.2
06:17:49,30.4,81.2
06:18:13,30.4,81.2
06:18:37,30.4,81.2
06:19:01,30.4,81.2
06:19:25,30.4,81.2
06:19:49,30.4,81.2
06:20:13,30.5,81.1
06:20:37,30.4,81.1
06:21:01,30.5,81.1
06:21:25,30.4,81.1
06:21:49,30.4,81.1
06:22:13,30.5,81.1
06:22:37,30.4,81.1
06:23:01,30.5,81.1
06:23:25,30.5,81.1
06:23:49,30.5,81.1
06:24:13,30.5,81.1
06:24:37,30.4,81.1
06:25:01,30.5,81.1
06:25:25,30.5,81.1
06:25:49,30.4,81.1
06:26:13,30.4,81.1
06:26:37,30.4,81.1
06:27:01,30.4,81.1
06:27:25,30.4,81.1
06:27:49,30.4,81.1
06:28:13,30.5,81.1
06:28:37,30.4,81.1
06:29:01,30.5,81.1
06:29:25,30.4,81.1
06:29:49,30.4,81.1
06:30:13,30.4,81.1
06:30:37,30.4,81.1
06:31:01,30.5,81.1
06:31:25,30.5,81.1
06:31:49,30.4,81.0
06:32:13,30.4,81.0
06:32:37,30.5,81.0
06:33:01,30.4,81.0
06:33:25,30.5,81.0
06:33:49,30.4,81.0
06:34:13,30.4,81.0
06:34:37,30.4,81.0
06:35:01,30.4,81.0
06:35:25,30.4,81.0
06:35:49,30.4,81.0
06:36:13,30.4,81.0
06:36:37,30.4,81.0
06:37:01,30.4,81.1
06:37:25,30.4,81.1
06:37:49,30.4,81.1
06:38:13,30.4,81.1
06:38:37,30.4,81.1
06:39:01,30.4,81.1
06:39:25,30.4,81.1
06:39:49,30.4,81.1
06:40:13,30.4,81.1
06:40:37,30.4,81.1
06:41:01,30.4,81.1
06:41:25,30.4,81.2
06:41:49,30.4,81.2
06:42:13,30.4,81.2
06:42:37,30.4,81.2
06:43:01,30.4,81.2
06:43:25,30.5,81.3
06:43:49,30.5,81.3
06:44:13,30.4,81.3
06:45:00,30.5,81.3
06:45:24,30.5,81.3
06:45:48,30.4,81.3
06:46:12,30.4,81.3
06:46:36,30.4,81.3
06:47:00,30.5,81.3
06:47:24,30.4,81.3
06:47:48,30.4,81.3
06:48:12,30.4,81.3
06:48:36,30.5,81.3
06:49:00,30.5,81.3
06:49:24,30.4,81.3
06:49:48,30.4,81.3
06:50:12,30.5,81.3
06:50:36,30.4,81.3
06:51:00,30.5,81.3
06:51:24,30.4,81.3
06:51:48,30.4,81.3
06:52:12,30.5,81.3
06:52:36,30.5,81.3
06:53:00,30.5,81.3
06:53:24,30.5,81.3
06:53:48,30.4,81.3
06:54:12,30.5,81.3
06:54:36,30.4,81.3
06:55:00,30.5,81.3
06:55:24,30.4,81.4
06:55:48,30.5,81.3
06:56:12,30.5,81.4
06:56:36,30.4,81.3
06:57:00,30.4,81.4
06:57:24,30.5,81.3
06:57:48,30.5,81.4
06:58:12,30.5,81.4
06:58:36,30.4,81.4
06:59:00,30.4,81.3
06:59:24,30.4,81.3
06:59:48,30.4,81.3
07:00:12,30.4,81.3
07:00:36,30.5,81.3
07:01:00,30.5,81.3
07:01:24,30.4,81.3
07:01:48,30.4,81.3
07:02:12,30.4,81.3
07:02:36,30.4,81.3
07:03:00,30.4,81.3
07:03:24,30.4,81.3
07:03:48,30.4,81.3
07:04:12,30.4,81.3
07:04:36,30.4,81.2
07:05:00,30.4,81.3
07:05:24,30.4,81.2
07:05:48,30.4,81.2
07:06:12,30.4,81.2
07:06:36,30.4,81.2
07:07:00,30.4,81.2
07:07:24,30.4,81.2
07:07:48,30.4,81.2
07:08:12,30.4,81.2
07:08:36,30.4,81.2
07:09:00,30.4,81.2
07:09:24,30.4,81.2
07:09:48,30.4,81.1
07:10:12,30.4,81.2
07:10:36,30.4,81.2
07:11:00,30.4,81.1
07:11:24,30.4,81.2
07:11:48,30.4,81.1
07:12:12,30.4,81.1
07:12:36,30.4,81.1
07:13:00,30.4,81.1
07:13:24,30.4,81.2
07:13:48,30.4,81.1
07:14:12,30.4,81.1
07:14:36,30.4,81.1
07:15:00,30.4,81.1
07:15:24,30.4,81.1
07:15:48,30.4,81.1
07:16:12,30.4,81.1
07:16:36,30.4,81.1
07:17:00,30.4,81.1
07:17:24,30.4,81.0
07:17:48,30.4,81.0
07:18:12,30.4,81.0
07:18:36,30.4,81.0
07:19:00,30.4,81.0
07:19:24,30.4,81.0
07:19:48,30.4,81.0
07:20:12,30.4,81.0
07:20:36,30.4,81.0
07:21:00,30.4,81.0
07:21:24,30.4,81.0
07:21:48,30.4,81.0
07:22:12,30.4,80.9
07:22:36,30.4,81.0
07:23:00,30.4,80.9
07:23:24,30.4,80.9
07:23:48,30.4,80.9
07:24:12,30.4,80.9
07:24:36,30.4,81.0
07:25:00,30.4,80.9
07:25:24,30.4,80.9
07:25:48,30.4,80.9
07:26:12,30.4,80.9
07:26:36,30.4,80.9
07:27:00,30.4,80.9
07:27:24,30.4,80.9
07:27:48,30.4,80.9
07:28:12,30.4,80.9
07:28:36,30.4,80.9
07:29:00,30.4,80.9
07:29:24,30.4,80.9
07:29:48,30.4,80.9
07:30:12,30.4,80.9
07:30:36,30.4,80.9
07:31:00,30.4,80.9
07:31:24,30.4,80.9
07:31:48,30.4,80.8
07:32:12,30.4,80.9
07:32:36,30.4,80.8
07:33:00,30.4,80.8
07:33:24,30.4,80.8
07:33:48,30.5,80.8
07:34:12,30.4,80.8
07:34:36,30.4,80.8
07:35:00,30.4,80.8
07:35:24,30.4,80.8
07:35:48,30.4,80.7
07:36:12,30.4,80.7
07:36:36,30.4,80.8
07:37:00,30.4,80.7
07:37:24,30.4,80.7
07:37:48,30.4,80.7
07:38:12,30.4,80.7
07:38:36,30.4,80.7
07:39:00,30.4,80.7
07:39:24,30.4,80.7
07:39:48,30.4,80.7
07:40:12,30.4,80.7
07:40:36,30.4,80.6
07:41:00,30.4,80.6
07:41:24,30.4,80.7
07:41:48,30.4,80.6
07:42:12,30.4,80.6
07:42:36,30.4,80.6
07:43:00,30.4,80.6
07:43:24,30.4,80.6
07:43:48,30.4,80.6
07:44:12,30.4,80.6
07:44:36,30.4,80.6
07:45:22,30.4,80.6
07:45:46,30.4,80.6
07:46:10,30.4,80.6
07:46:34,30.4,80.5
07:46:58,30.4,80.5
07:47:22,30.4,80.5
07:47:46,30.4,80.5
07:48:10,30.4,80.5
07:48:34,30.4,80.5
07:48:58,30.4,80.5
07:49:22,30.4,80.5
07:49:46,30.4,80.5
07:50:10,30.4,80.5
07:50:34,30.4,80.5
07:50:58,30.4,80.5
07:51:22,30.4,80.5
07:51:46,30.4,80.5
07:52:10,30.4,80.5
07:52:34,30.4,80.5
07:52:58,30.4,80.5
07:53:22,30.4,80.5
07:53:46,30.4,80.5
07:54:10,30.4,80.5
07:54:34,30.4,80.5
07:54:58,30.4,80.5
07:55:22,30.4,80.5
07:55:46,30.4,80.5
07:56:10,30.4,80.4
07:56:34,30.4,80.4
07:56:58,30.4,80.5
07:57:22,30.4,80.4
07:57:46,30.4,80.4
07:58:10,30.4,80.4
07:58:34,30.4,80.4
07:58:58,30.4,80.4
07:59:22,30.4,80.5
07:59:46,30.4,80.4
08:00:10,30.4,80.4
08:00:34,30.4,80.4
08:00:58,30.4,80.4
08:01:22,30.4,80.4
08:01:46,30.4,80.4
08:02:10,30.4,80.4
08:02:34,30.4,80.5
08:02:58,30.4,80.5
08:03:22,30.4,80.4
08:03:46,30.4,80.4
08:04:10,30.4,80.4
08:04:34,30.4,80.5
08:04:58,30.4,80.4
08:05:22,30.4,80.4
08:05:46,30.4,80.4
08:06:10,30.4,80.4
08:06:34,30.4,80.4
08:06:58,30.4,80.4
08:07:22,30.4,80.4
08:07:46,30.4,80.4
08:08:10,30.4,80.4
08:08:34,30.4,80.4
08:08:58,30.4,80.4
08:09:22,30.4,80.4
08:09:46,30.4,80.4
08:10:10,30.4,80.4
08:10:34,30.4,80.5
08:10:58,30.4,80.4
08:11:22,30.4,80.5
08:11:46,30.4,80.5
08:12:10,30.4,80.5
08:12:34,30.4,80.5
08:12:58,30.4,80.5
08:13:22,30.4,80.5
08:13:46,30.4,80.5
08:14:10,30.4,80.5
08:14:34,30.4,80.5
08:14:58,30.4,80.5
08:15:22,30.4,80.5
08:15:46,30.4,80.5
08:16:10,30.4,80.5
08:16:34,30.4,80.5
08:16:58,30.4,80.5
08:17:22,30.4,80.5
08:17:46,30.4,80.5
08:18:10,30.4,80.5
08:18:34,30.4,80.5
08:18:58,30.4,80.5
08:19:22,30.4,80.5
08:19:46,30.4,80.5
08:20:10,30.4,80.5
08:20:34,30.4,80.5
08:20:58,30.4,80.6
08:21:22,30.4,80.5
08:21:46,30.4,80.5
08:22:10,30.4,80.5
08:22:34,30.4,80.5
08:22:58,30.4,80.5
08:23:22,30.4,80.5
08:23:46,30.4,80.5
08:24:10,30.4,80.5
08:24:34,30.4,80.5
08:24:58,30.4,80.5
08:25:22,30.4,80.5
08:25:46,30.4,80.5
08:26:10,30.4,80.5
08:26:34,30.4,80.6
08:26:58,30.4,80.6
08:27:22,30.4,80.6
08:27:46,30.4,80.6
08:28:10,30.4,80.6
08:28:34,30.4,80.6
08:28:58,30.4,80.6
08:29:22,30.4,80.6
08:29:46,30.4,80.6
08:30:10,30.4,80.6
08:30:34,30.4,80.6
08:30:58,30.4,80.6
08:31:22,30.4,80.6
08:31:46,30.4,80.5
08:32:10,30.4,80.5
08:32:34,30.4,80.5
08:32:58,30.4,80.5
08:33:22,30.4,80.5
08:33:46,30.4,80.5
08:34:10,30.4,80.5
08:34:34,30.4,80.5
08:34:58,30.4,80.5
08:35:22,30.4,80.5
08:35:46,30.4,80.5
08:36:10,30.4,80.4
08:36:34,30.4,80.4
08:36:58,30.4,80.4
08:37:22,30.4,80.4
08:37:46,30.4,80.4
08:38:10,30.4,80.4
08:38:34,30.4,80.4
08:38:58,30.4,80.4
08:39:22,30.4,80.4
08:39:46,30.4,80.4
08:40:10,30.4,80.4
08:40:34,30.4,80.4
08:40:58,30.4,80.4
08:41:22,30.4,80.5
08:41:46,30.4,80.4
08:42:10,30.4,80.5
08:42:34,30.4,80.4
08:42:58,30.4,80.4
08:43:22,30.4,80.4
08:43:46,30.4,80.5
08:44:10,30.4,80.4
08:44:34,30.4,80.4
08:44:58,30.4,80.4
08:45:44,30.4,80.4
08:46:08,30.4,80.4
08:46:32,30.4,80.4
08:46:56,30.4,80.4
08:47:20,30.4,80.4
08:47:44,30.4,80.4
08:48:08,30.4,80.4
08:48:32,30.4,80.4
08:48:56,30.4,80.4
08:49:20,30.4,80.4
08:49:44,30.4,80.4
08:50:08,30.4,80.4
08:50:32,30.4,80.4
08:50:56,30.4,80.4
08:51:20,30.4,80.4
08:51:44,30.4,80.4
08:52:08,30.4,80.4
08:52:32,30.4,80.4
08:52:56,30.4,80.4
08:53:20,30.4,80.4
08:53:44,30.4,80.4
08:54:08,30.4,80.4
08:54:32,30.4,80.4
08:54:56,30.4,80.4
08:55:20,30.4,80.4
08:55:44,30.4,80.4
08:56:08,30.4,80.4
08:56:32,30.4,80.4
08:56:56,30.4,80.4
08:57:20,30.4,80.4
08:57:44,30.4,80.4
08:58:08,30.4,80.4
08:58:32,30.4,80.4
08:58:56,30.4,80.4
08:59:20,30.4,80.3
08:59:44,30.4,80.4
09:00:08,30.4,80.4
09:00:32,30.4,80.4
09:00:56,30.4,80.4
09:01:20,30.4,80.4
09:01:44,30.4,80.3
09:02:08,30.4,80.4
09:02:32,30.4,80.4
09:02:56,30.4,80.3
09:03:20,30.4,80.3
09:03:44,30.4,80.3
09:04:08,30.4,80.3
09:04:32,30.4,80.4
09:04:56,30.4,80.3
09:05:20,30.4,80.3
09:05:44,30.4,80.3
09:06:08,30.4,80.3
09:06:32,30.4,80.3
09:06:56,30.4,80.3
09:07:20,30.4,80.3
09:07:44,30.4,80.3
09:08:08,30.4,80.3
09:08:32,30.4,80.3
09:08:56,30.4,80.3
09:09:20,30.4,80.3
09:09:44,30.4,80.3
09:10:08,30.4,80.3
09:10:32,30.4,80.3
09:10:56,30.4,80.3
09:11:20,30.4,80.3
09:11:44,30.4,80.3
09:12:08,30.4,80.3
09:12:32,30.4,80.3
09:12:56,30.4,80.3
09:13:20,30.4,80.3
09:13:44,30.4,80.3
09:14:08,30.4,80.3
09:14:32,30.4,80.3
09:14:56,30.4,80.3
09:15:20,30.4,80.2
09:15:44,30.4,80.3
09:16:08,30.4,80.3
09:16:32,30.4,80.3
09:16:56,30.4,80.2
09:17:20,30.4,80.3
09:17:44,30.4,80.3
09:18:08,30.4,80.3
09:18:32,30.4,80.2
09:18:56,30.4,80.2
09:19:20,30.4,80.2
09:19:44,30.4,80.2
09:20:08,30.4,80.2
09:20:32,30.4,80.3
09:20:56,30.4,80.2
09:21:20,30.4,80.2
09:21:44,30.4,80.2
09:22:08,30.4,80.2
09:22:32,30.4,80.3
09:22:56,30.4,80.2
09:23:20,30.4,80.2
09:23:44,30.4,80.2
09:24:08,30.4,80.2
09:24:32,30.4,80.2
09:24:56,30.4,80.2
09:25:20,30.4,80.2
09:25:44,30.4,80.2
09:26:08,30.4,80.2
09:26:32,30.4,80.2
09:26:56,30.4,80.2
09:27:20,30.4,80.2
09:27:44,30.4,80.2
09:28:08,30.4,80.2
09:28:32,30.4,80.2
09:28:56,30.4,80.2
09:29:20,30.4,80.2
09:29:44,30.4,80.2
09:30:08,30.4,80.2
09:30:32,30.4,80.3
09:30:56,30.4,80.2
09:31:20,30.4,80.2
09:31:44,30.4,80.2
09:32:08,30.4,80.3
09:32:32,30.4,80.3
09:32:56,30.4,80.2
09:33:20,30.4,80.2
09:33:44,30.4,80.3
09:34:08,30.4,80.2
09:34:32,30.4,80.2
09:34:56,30.4,80.2
09:35:20,30.4,80.2
09:35:44,30.4,80.2
09:36:08,30.4,80.2
09:36:32,30.4,80.2
09:36:56,30.4,80.2
09:37:20,30.4,80.2
09:37:44,30.4,80.2
09:38:08,30.4,80.2
09:38:32,30.4,80.2
09:38:56,30.4,80.2
09:39:20,30.4,80.2
09:39:44,30.4,80.2
09:40:08,30.4,80.2
09:40:32,30.4,80.2
09:40:56,30.4,80.1
09:41:20,30.4,80.1
09:41:44,30.4,80.1
09:42:08,30.4,80.2
09:42:32,30.4,80.2
09:42:56,30.4,80.2
09:43:20,30.4,80.1
09:43:44,30.4,80.2
09:44:08,30.4,80.1
09:44:32,30.4,80.1
09:44:56,30.4,80.1
09:45:20,30.4,80.1
09:46:06,30.4,80.2
09:46:30,30.4,80.1
09:46:54,30.4,80.2
09:47:18,30.4,80.2
09:47:42,30.4,80.2
09:48:06,30.4,80.1
09:48:30,30.4,80.2
09:48:54,30.4,80.2
09:49:18,30.4,80.2
09:49:42,30.4,80.2
09:50:06,30.4,80.2
09:50:30,30.4,80.2
09:50:54,30.4,80.2
09:51:18,30.4,80.2
09:51:42,30.4,80.2
09:52:06,30.4,80.3
09:52:30,30.4,80.3
09:52:54,30.4,80.4
09:53:18,30.4,80.6
09:53:42,30.4,80.7
09:54:06,30.4,81.0
09:54:30,30.4,81.1
09:54:54,30.4,81.4
09:55:18,30.4,81.4
09:55:42,30.4,81.7
09:56:06,30.4,81.9
09:56:30,30.4,82.0
09:56:54,30.4,82.2
09:57:18,30.4,82.3
09:57:42,30.4,82.5
09:58:06,30.4,82.6
09:58:30,30.4,82.8
09:58:54,30.4,82.9
09:59:18,30.4,82.9
09:59:42,30.4,83.1
10:00:06,30.4,83.2
10:00:30,30.4,83.4
10:00:54,30.4,83.6
10:01:18,30.4,83.8
10:01:42,30.4,83.9
10:02:06,30.5,84.3
10:02:30,30.4,84.2
10:02:54,30.4,84.2
10:03:18,30.4,84.3
10:03:42,30.4,84.3
10:04:06,30.5,84.3
10:04:30,30.4,84.3
10:04:54,30.5,84.3
10:05:18,30.5,84.4
10:05:42,30.5,84.3
10:06:06,30.5,84.4
10:06:30,30.5,84.3
10:06:54,30.5,84.3
10:07:18,30.5,84.2
10:07:42,30.5,84.4
10:08:06,30.5,84.0
10:08:30,30.5,84.1
10:08:54,30.4,84.1
10:09:18,30.5,84.2
10:09:42,30.5,84.3
10:10:06,30.5,84.4
10:10:30,30.5,84.4
10:10:54,30.5,84.4
10:11:18,30.5,84.4
10:11:42,30.5,84.3
10:12:06,30.5,84.2
10:12:30,30.5,84.4
10:12:54,30.5,84.3
10:13:18,30.5,84.4
10:13:42,30.5,84.4
10:14:06,30.5,84.4
10:14:30,30.5,84.4
10:14:54,30.5,84.5
10:15:18,30.5,84.5
10:15:42,30.5,84.4
10:16:06,30.5,84.5
10:16:30,30.5,84.5
10:16:54,30.5,84.5
10:17:18,30.5,84.6
10:17:42,30.5,84.6
10:18:06,30.5,84.6
10:18:30,30.5,84.6
10:18:54,30.5,84.6
10:19:18,30.5,84.6
10:19:42,30.5,84.6
10:20:06,30.5,84.6
10:20:30,30.5,84.6
10:20:54,30.5,84.6
10:21:18,30.5,84.7
10:21:42,30.5,84.6
10:22:06,30.5,84.5
10:22:30,30.5,84.6
10:22:54,30.5,84.5
10:23:18,30.5,84.6
10:23:42,30.5,84.6
10:24:06,30.5,84.5
10:24:30,30.5,84.5
10:24:54,30.5,84.5
10:25:18,30.5,84.4
10:25:42,30.5,84.3
10:26:06,30.5,84.4
10:26:30,30.5,84.4
10:26:54,30.5,84.5
10:27:18,30.5,84.4
10:27:42,30.5,84.4
10:28:06,30.5,84.4
10:28:30,30.5,84.4
10:28:54,30.5,84.4
10:29:18,30.5,84.4
10:29:42,30.5,84.3
10:30:06,30.5,84.3
10:30:30,30.5,84.3
10:30:54,30.5,84.2
10:31:18,30.5,84.2
10:31:42,30.5,84.2
10:32:06,30.5,84.1
10:32:30,30.5,84.1
10:32:54,30.5,84.1
10:33:18,30.5,84.0
10:33:42,30.5,84.0
10:34:06,30.5,84.1
10:34:30,30.5,84.0
10:34:54,30.5,84.0
10:35:18,30.5,84.1
10:35:42,30.5,84.1
10:36:06,30.5,84.1
10:36:30,30.5,84.1
10:36:54,30.5,84.1
10:37:18,30.5,84.0
10:37:42,30.5,84.0
10:38:06,30.5,84.1
10:38:30,30.5,84.1
10:38:54,30.5,84.0
10:39:18,30.5,84.0
10:39:42,30.5,84.0
10:40:06,30.5,84.0
10:40:30,30.5,84.0
10:40:54,30.5,84.0
10:41:18,30.5,83.9
10:41:42,30.5,83.8
10:42:06,30.5,83.7
10:42:30,30.5,83.7
10:42:54,30.5,83.8
10:43:18,30.5,83.8
10:43:42,30.5,83.8
10:44:06,30.5,83.8
10:44:30,30.5,83.9
10:44:54,30.5,83.9
10:45:18,30.5,83.9
10:45:42,30.5,83.9
11:46:48,30.4,83.1
11:47:12,30.4,83.0
11:47:36,30.4,83.0
11:48:00,30.4,83.0
11:48:24,30.4,83.0
11:48:48,30.4,83.0
11:49:12,30.4,83.0
11:49:36,30.4,82.9
11:50:00,30.4,83.0
11:50:24,30.4,82.9
11:50:48,30.4,82.9
11:51:12,30.4,82.8
11:51:36,30.4,82.9
11:52:00,30.4,82.9
11:52:24,30.4,82.9
11:52:48,30.4,82.9
11:53:12,30.4,82.8
11:53:36,30.4,82.9
11:54:00,30.4,82.8
11:54:24,30.4,82.9
11:54:48,30.4,82.8
11:55:12,30.4,82.9
11:55:36,30.4,82.8
11:56:00,30.4,82.8
11:56:24,30.4,82.8
11:56:48,30.4,82.8
11:57:12,30.4,82.8
11:57:36,30.4,82.8
11:58:00,30.4,82.8
11:58:24,30.4,82.9
11:58:48,30.4,82.8
11:59:12,30.4,82.8
11:59:36,30.4,82.8
12:00:00,30.4,82.8
12:00:24,30.4,82.6
12:00:48,30.4,82.7
12:01:12,30.4,82.7
12:01:36,30.4,82.2
12:02:00,30.4,82.4
12:02:24,30.4,82.4
12:02:48,30.4,82.5
12:03:12,30.3,81.6
12:03:36,30.4,81.7
12:04:00,30.3,81.9
12:04:24,30.4,82.1
12:04:48,30.4,82.3
12:05:12,30.3,82.3
12:05:36,30.3,82.4
12:06:00,30.3,82.5
12:06:24,30.3,82.5
12:06:48,30.3,82.5
12:07:12,30.3,82.5
12:07:36,30.3,82.5
12:08:00,30.3,82.5
12:08:24,30.3,82.3
12:08:48,30.3,81.9
12:09:12,30.3,82.1
12:09:36,30.3,82.3
12:10:00,30.3,82.3
12:10:24,30.3,82.4
12:10:48,30.4,82.4
12:11:12,30.3,82.6
12:11:36,30.3,82.7
12:12:00,30.4,82.7
12:12:24,30.4,82.6
12:12:48,30.4,82.7
12:13:12,30.3,82.7
12:13:36,30.3,82.8
12:14:00,30.4,82.8
12:14:24,30.4,82.9
12:14:48,30.4,82.9
12:15:12,30.4,82.9
12:15:36,30.4,82.9
12:16:00,30.4,82.9
12:16:24,30.4,83.0
12:16:48,30.4,83.0
12:17:12,30.4,83.0
12:17:36,30.4,82.9
12:18:00,30.4,83.0
12:18:24,30.4,82.9
12:18:48,30.4,82.9
12:19:12,30.4,82.8
12:19:36,30.4,82.9
12:20:00,30.4,83.0
12:20:24,30.4,82.9
12:20:48,30.4,82.9
12:21:12,30.4,82.9
12:21:36,30.4,82.8
12:22:00,30.4,82.9
12:22:24,30.4,82.9
12:22:48,30.4,82.9
12:23:12,30.4,82.9
12:23:36,30.4,82.9
12:24:00,30.4,82.9
12:24:24,30.4,82.9
12:24:48,30.4,82.9
12:25:12,30.4,82.9
12:25:36,30.4,82.9
12:26:00,30.4,82.9
12:26:24,30.5,82.9
12:26:48,30.4,82.9
12:27:12,30.4,82.9
12:27:36,30.4,82.9
12:28:00,30.5,82.9
12:28:24,30.5,82.9
12:28:48,30.4,82.9
12:29:12,30.5,82.8
12:29:36,30.5,82.8
12:30:00,30.5,82.8
12:30:24,30.5,82.9
12:30:48,30.5,82.7
12:31:12,30.5,82.8
12:31:36,30.5,82.8
12:32:00,30.5,82.8
12:32:24,30.5,82.8
12:32:48,30.5,82.8
12:33:12,30.5,82.8
12:33:36,30.5,82.8
12:34:00,30.5,82.8
12:34:24,30.5,82.8
12:34:48,30.5,82.8
12:35:12,30.5,82.8
12:35:36,30.5,82.8
12:36:00,30.5,82.8
12:36:24,30.5,82.7
12:36:48,30.5,82.6
12:37:12,30.5,82.6
12:37:36,30.5,82.6
12:38:00,30.5,82.6
12:38:24,30.5,82.6
12:38:48,30.5,82.6
12:39:12,30.5,82.6
12:39:36,30.5,82.6
12:40:00,30.5,82.6
12:40:24,30.5,82.6
12:40:48,30.5,82.5
12:41:12,30.5,82.5
12:41:36,30.5,82.5
12:42:00,30.5,82.5
12:42:24,30.5,82.4
12:42:48,30.5,82.5
12:43:12,30.5,82.5
12:43:36,30.5,82.5
12:44:00,30.5,82.5
12:44:24,30.5,82.5
12:44:48,30.5,82.5
12:45:12,30.5,82.4
12:45:36,30.5,82.4
12:46:00,30.5,82.4
12:46:24,30.5,82.4
12:47:09,30.5,82.4
12:47:33,30.5,82.4
12:47:57,30.5,82.3
12:48:21,30.5,82.3
12:48:45,30.5,82.2
12:49:09,30.5,82.2
12:49:33,30.5,82.2
12:49:57,30.5,82.2
12:50:21,30.5,82.2
12:50:45,30.5,82.0
12:51:09,30.5,82.0
12:51:33,30.5,82.0
12:51:57,30.5,81.8
12:52:21,30.5,81.9
12:52:45,30.5,81.8
12:53:09,30.5,81.7
12:53:33,30.5,81.7
12:53:57,30.5,81.7
12:54:21,30.5,81.7
12:54:45,30.5,81.6
12:55:09,30.5,81.6
12:55:33,30.5,81.6
12:55:57,30.5,81.6
12:56:21,30.5,81.6
12:56:45,30.5,81.6
12:57:09,30.5,81.6
12:57:33,30.5,81.6
12:57:57,30.5,81.6
12:58:21,30.5,81.6
12:58:45,30.5,81.6
12:59:09,30.5,81.5
12:59:33,30.5,81.5
12:59:57,30.5,81.5
13:00:21,30.5,81.5
13:00:45,30.5,81.5
13:01:09,30.5,81.5
13:01:33,30.5,81.5
13:01:57,30.6,81.5
13:02:21,30.6,81.5
13:02:45,30.6,81.5
13:03:09,30.5,81.5
13:03:33,30.5,81.5
13:03:57,30.5,81.5
13:04:21,30.5,81.5
13:04:45,30.6,81.5
13:05:09,30.6,81.5
13:05:33,30.6,81.5
13:05:57,30.6,81.5
13:06:21,30.6,81.4
13:06:45,30.6,81.5
13:07:09,30.6,81.5
13:07:33,30.6,81.4
13:07:57,30.6,81.4
13:08:21,30.6,81.4
13:08:45,30.6,81.4
13:09:09,30.6,81.4
13:09:33,30.6,81.3
13:09:57,30.6,81.3
13:10:21,30.6,81.3
13:10:45,30.6,81.3
13:11:09,30.6,81.3
13:11:33,30.6,81.2
13:11:57,30.6,81.0
13:12:21,30.6,81.1
13:12:45,30.6,81.1
13:13:09,30.6,81.1
13:13:33,30.6,81.1
13:13:57,30.6,81.1
13:14:21,30.6,81.1
13:14:45,30.6,81.1
13:15:09,30.6,81.1
13:15:33,30.6,81.1
13:15:57,30.6,81.1
13:16:21,30.6,81.2
13:16:45,30.6,81.2
13:17:09,30.6,81.1
13:17:33,30.6,81.1
13:17:57,30.6,81.1
13:18:21,30.6,81.1
13:18:45,30.6,81.1
13:19:09,30.6,81.0
13:19:33,30.6,81.1
13:19:57,30.6,81.2
13:20:21,30.6,81.1
13:20:45,30.6,81.2
13:21:09,30.6,81.1
13:21:33,30.6,81.1
13:21:57,30.6,81.1
13:22:21,30.6,81.1
13:22:45,30.6,81.1
13:23:09,30.6,81.2
13:23:33,30.6,81.2
13:23:57,30.6,81.2
13:24:21,30.6,81.2
13:24:45,30.6,81.2
13:25:09,30.6,81.2
13:25:33,30.6,81.1
13:25:57,30.6,81.1
13:26:21,30.6,81.1
13:26:45,30.6,81.1
13:27:09,30.6,81.1
13:27:33,30.6,81.0
13:27:57,30.6,80.9
13:28:21,30.6,80.9
13:28:45,30.6,80.8
13:29:09,30.6,80.9
13:29:33,30.6,80.9
13:29:57,30.6,80.9
13:30:21,30.6,80.9
13:30:45,30.6,80.9
13:31:09,30.6,80.9
13:31:33,30.6,80.9
13:31:57,30.6,80.9
13:32:21,30.6,80.9
13:32:45,30.6,81.0
13:33:09,30.6,81.0
13:33:33,30.6,81.0
13:33:57,30.6,81.0
13:34:21,30.6,81.0
13:34:45,30.6,81.0
13:35:09,30.6,81.1
13:35:33,30.6,81.1
13:35:57,30.6,81.1
13:36:21,30.6,81.1
13:36:45,30.6,81.1
13:37:09,30.6,81.1
13:37:33,30.6,81.1
13:37:57,30.6,81.1
13:38:21,30.6,81.1
13:38:45,30.6,81.1
13:39:09,30.6,81.1
13:39:33,30.6,81.1
13:39:57,30.6,81.0
13:40:21,30.6,81.1
13:40:45,30.6,81.1
13:41:09,30.6,81.0
13:41:33,30.6,81.0
13:41:57,30.6,81.0
13:42:21,30.6,81.0
13:42:45,30.6,81.1
13:43:09,30.6,81.1
13:43:33,30.6,81.1
13:43:57,30.6,81.1
13:44:21,30.6,81.1
13:44:45,30.6,81.1
13:45:09,30.6,81.2
13:45:33,30.6,81.2
13:45:57,30.6,81.2
13:46:21,30.6,81.2
13:46:45,30.6,81.1
15:48:09,30.7,80.2
15:48:33,30.7,80.0
15:48:57,30.7,80.1
15:49:21,30.7,79.8
15:49:45,30.7,80.0
15:50:09,30.7,79.8
15:50:33,30.7,79.8
15:50:57,30.7,79.9
15:51:21,30.7,80.0
15:51:45,30.7,80.1
15:52:09,30.7,79.9
15:52:33,30.6,80.0
15:52:57,30.7,80.0
15:53:21,30.7,80.1
15:53:45,30.7,80.2
15:54:09,30.7,80.2
15:54:33,30.7,80.0
15:54:57,30.7,80.0
15:55:21,30.7,80.3
15:55:45,30.7,80.3
15:56:09,30.7,80.4
15:56:33,30.7,80.4
15:56:57,30.6,80.4
15:57:21,30.7,80.5
15:57:45,30.7,80.3
15:58:09,30.7,80.5
15:58:33,30.7,80.5
15:58:57,30.7,80.5
15:59:21,30.7,80.5
15:59:45,30.6,80.4
16:00:09,30.6,80.4
16:00:33,30.6,80.6
16:00:57,30.6,80.4
16:01:21,30.7,80.3
16:01:45,30.6,80.4
16:02:09,30.7,80.6
16:02:33,30.7,80.5
16:02:57,30.7,80.7
16:03:21,30.6,80.4
16:03:45,30.6,80.5
16:04:09,30.6,80.7
16:04:33,30.7,80.6
16:04:57,30.6,80.4
16:05:21,30.7,80.7
16:05:45,30.6,80.2
16:06:09,30.7,80.5
16:06:33,30.6,80.6
16:06:57,30.6,80.6
16:07:21,30.6,80.7
16:07:45,30.6,80.7
16:08:09,30.6,80.8
16:08:33,30.6,80.6
16:08:57,30.6,80.7
16:09:21,30.7,80.8
16:09:45,30.6,80.7
16:10:09,30.6,80.7
16:10:33,30.6,80.8
16:10:57,30.6,80.6
16:11:21,30.6,80.9
16:11:45,30.6,80.8
16:12:09,30.6,80.8
16:12:33,30.6,80.7
16:12:57,30.7,80.7
16:13:21,30.6,80.7
16:13:45,30.6,80.9
16:14:09,30.6,80.8
16:14:33,30.6,80.7
16:14:57,30.6,80.5
16:15:21,30.6,80.8
16:15:45,30.6,80.6
16:16:09,30.6,80.6
16:16:33,30.6,80.8
16:16:57,30.6,80.9
16:17:21,30.6,80.8
16:17:45,30.6,80.8
16:18:09,30.6,80.9
16:18:33,30.6,81.0
16:18:57,30.6,81.0
16:19:21,30.6,81.0
16:19:45,30.6,81.1
16:20:09,30.6,81.0
16:20:33,30.6,80.8
16:20:57,30.6,80.9
16:21:21,30.6,80.9
16:21:45,30.6,80.6
16:22:09,30.6,80.7
16:22:33,30.6,80.8
16:22:57,30.6,80.8
16:23:21,30.6,80.9
16:23:45,30.6,81.1
16:24:09,30.6,80.8
16:24:33,30.6,80.7
16:24:57,30.6,80.9
16:25:21,30.6,80.7
16:25:45,30.6,80.6
16:26:09,30.6,80.6
16:26:33,30.6,80.5
16:26:57,30.6,80.6
16:27:21,30.6,80.9
16:27:45,30.6,80.7
16:28:09,30.6,80.8
16:28:33,30.6,80.8
16:28:57,30.6,80.8
16:29:21,30.6,80.9
16:29:45,30.6,80.6
16:30:09,30.6,80.7
16:30:33,30.6,80.7
16:30:57,30.6,80.8
16:31:21,30.6,80.8
16:31:45,30.6,80.7
16:32:09,30.6,80.7
16:32:33,30.6,80.7
16:32:57,30.6,80.7
16:33:21,30.6,80.4
16:33:45,30.6,80.6
16:34:09,30.6,80.8
16:34:33,30.6,80.8
16:34:57,30.6,80.8
16:35:21,30.6,80.8
16:35:45,30.6,80.9
16:36:09,30.6,80.8
16:36:33,30.6,80.8
16:36:57,30.6,80.6
16:37:21,30.6,80.5
16:37:45,30.6,80.3
16:38:09,30.6,80.4
16:38:33,30.6,80.4
16:38:57,30.6,80.5
16:39:21,30.6,80.6
16:39:45,30.6,80.5
16:40:09,30.6,80.6
16:40:33,30.6,80.7
16:40:57,30.6,80.6
16:41:21,30.6,80.6
16:41:45,30.6,80.7
16:42:09,30.6,80.8
16:42:33,30.6,80.8
16:42:57,30.6,80.7
16:43:21,30.6,80.8
16:43:45,30.6,80.8
16:44:09,30.6,80.6
16:44:33,30.6,80.6
16:44:57,30.6,80.7
16:45:21,30.6,80.7
16:45:45,30.6,80.7
16:46:09,30.6,80.7
16:46:33,30.6,80.6
16:46:57,30.6,80.5
16:47:21,30.6,80.7
16:47:45,30.6,80.7
16:48:28,30.6,80.8
16:48:52,30.6,80.8
16:49:16,30.6,80.6
16:49:40,30.6,80.5
16:50:04,30.6,80.5
16:50:28,30.6,80.5
16:50:52,30.6,80.2
16:51:16,30.6,80.2
16:51:40,30.6,80.3
16:52:04,30.6,80.1
16:52:28,30.6,80.0
16:52:52,30.6,80.0
16:53:16,30.6,79.8
16:53:40,30.6,79.9
16:54:04,30.6,79.6
16:54:28,30.6,79.5
16:54:52,30.6,79.9
16:55:16,30.6,79.9
16:55:40,30.6,80.0
16:56:04,30.6,80.1
16:56:28,30.6,80.1
16:56:52,30.6,80.1
16:57:16,30.6,80.1
16:57:40,30.6,80.0
16:58:04,30.6,80.1
16:58:28,30.6,79.9
16:58:52,30.6,79.9
16:59:16,30.6,80.0
16:59:40,30.6,79.7
17:00:04,30.6,79.6
17:00:28,30.6,79.6
17:00:52,30.6,79.6
17:01:16,30.6,79.4
17:01:40,30.6,79.5
17:02:04,30.6,79.6
17:02:28,30.6,79.5
17:02:52,30.6,79.2
17:03:16,30.6,79.3
17:03:40,30.6,79.3
17:04:04,30.6,79.5
17:04:28,30.6,79.5
17:04:52,30.6,79.5
17:05:16,30.6,79.5
17:05:40,30.6,79.4
17:06:04,30.6,79.4
17:06:28,30.6,79.5
17:06:52,30.6,79.4
17:07:16,30.6,79.3
17:07:40,30.6,78.9
17:08:04,30.6,79.1
17:08:28,30.6,78.9
17:08:52,30.6,79.0
17:09:16,30.6,79.1
17:09:40,30.6,79.1
17:10:04,30.6,78.7
17:10:28,30.6,78.9
17:10:52,30.6,78.5
17:11:16,30.6,78.4
17:11:40,30.6,78.4
17:12:04,30.6,78.7
17:12:28,30.6,78.7
17:12:52,30.6,78.7
17:13:16,30.6,78.7
17:13:40,30.6,78.8
17:14:04,30.6,78.9
17:14:28,30.6,79.0
17:14:52,30.6,78.9
17:15:16,30.6,78.8
17:15:40,30.6,78.9
17:16:04,30.6,78.9
17:16:28,30.6,79.0
17:16:52,30.6,79.0
17:17:16,30.6,78.9
17:17:40,30.6,78.9
17:18:04,30.6,78.9
17:18:28,30.6,79.0
17:18:52,30.6,79.0
17:19:16,30.6,79.0
17:19:40,30.6,78.9
17:20:04,30.6,78.8
17:20:28,30.6,78.6
17:20:52,30.6,78.8
17:21:16,30.6,78.8
17:21:40,30.6,78.7
17:22:04,30.6,79.0
17:22:28,30.6,78.9
17:22:52,30.6,78.8
17:23:16,30.6,78.9
17:23:40,30.6,78.8
17:24:04,30.6,78.9
17:24:28,30.6,78.7
17:24:52,30.6,78.7
17:25:16,30.6,78.8
17:25:40,30.6,78.8
17:26:04,30.6,78.7
17:26:28,30.6,78.7
17:26:52,30.6,78.8
17:27:16,30.6,78.8
17:27:40,30.6,78.6
17:28:04,30.6,78.5
17:28:28,30.6,78.8
17:28:52,30.6,78.8
17:29:16,30.6,78.9
17:29:40,30.6,78.9
17:30:04,30.6,78.9
17:30:28,30.6,78.9
17:30:52,30.6,78.9
17:31:16,30.6,78.9
17:31:40,30.6,78.9
17:32:04,30.6,79.0
17:32:28,30.6,79.0
17:32:52,30.6,79.0
17:33:16,30.6,78.9
17:33:40,30.6,78.9
17:34:04,30.6,79.0
17:34:28,30.6,79.0
17:34:52,30.6,79.0
17:35:16,30.6,79.1
17:35:40,30.6,79.1
17:36:04,30.6,79.1
17:36:28,30.6,79.0
17:36:52,30.6,79.0
17:37:16,30.6,79.0
17:37:40,30.6,79.1
17:38:04,30.6,79.0
17:38:28,30.6,79.0
17:38:52,30.6,79.1
17:39:16,30.6,79.1
17:39:40,30.6,79.0
17:40:04,30.6,78.4
17:40:28,30.6,77.7
17:40:52,30.6,76.6
17:41:16,30.6,76.6
17:41:40,30.6,76.2
17:42:04,30.6,76.2
17:42:28,30.6,76.3
17:42:52,30.6,76.5
17:43:16,30.5,76.7
17:43:40,30.6,76.8
17:44:04,30.6,76.9
17:44:28,30.5,77.0
17:44:52,30.5,77.1
17:45:16,30.6,77.2
17:45:40,30.6,77.3
17:46:04,30.6,77.3
17:46:28,30.6,77.4
17:46:52,30.6,77.4
17:47:16,30.6,77.5
17:47:40,30.6,77.5
17:48:04,30.6,77.4
17:48:47,30.6,77.5
17:49:11,30.6,77.5
17:49:35,30.6,77.5
17:49:59,30.6,77.5
17:50:23,30.6,76.9
17:50:47,30.6,76.4
17:51:11,30.6,75.7
17:51:35,30.6,75.4
17:51:59,30.6,75.3
17:52:23,30.6,74.8
17:52:47,30.6,74.6
17:53:11,30.5,74.1
17:53:35,30.5,74.0
17:53:59,30.5,73.8
17:54:23,30.6,73.8
17:54:47,30.5,73.5
17:55:11,30.5,73.3
17:55:35,30.5,73.4
17:55:59,30.5,73.3
17:56:23,30.5,72.9
17:56:47,30.5,73.1
17:57:11,30.5,73.1
17:57:35,30.5,72.8
17:57:59,30.5,73.1
17:58:23,30.5,73.0
17:58:47,30.5,73.0
17:59:11,30.5,73.0
17:59:35,30.5,72.9
17:59:59,30.5,73.0
18:00:23,30.5,73.0
18:00:47,30.5,72.9
18:01:11,30.5,72.9
18:01:35,30.5,72.9
18:01:59,30.5,72.9
18:02:23,30.5,72.9
18:02:47,30.5,72.9
18:03:11,30.5,72.8
18:03:35,30.5,72.9
18:03:59,30.5,73.0
18:04:23,30.5,73.0
18:04:47,30.5,73.0
18:05:11,30.5,73.0
18:05:35,30.5,72.9
18:05:59,30.5,72.9
18:06:23,30.5,72.9
18:06:47,30.4,72.9
18:07:11,30.5,72.8
18:07:35,30.5,72.8
18:07:59,30.4,72.8
18:08:23,30.4,72.8
18:08:47,30.4,72.8
18:09:11,30.5,72.7
18:09:35,30.5,72.7
18:09:59,30.5,72.8
18:10:23,30.4,72.8
18:10:47,30.4,72.8
18:11:11,30.5,72.8
18:11:35,30.4,72.9
18:11:59,30.5,72.8
18:12:23,30.5,72.9
18:12:47,30.5,72.9
18:13:11,30.5,72.9
18:13:35,30.5,72.9
18:13:59,30.5,72.9
18:14:23,30.4,72.8
18:14:47,30.4,72.8
18:15:11,30.4,72.8
18:15:35,30.5,72.8
18:15:59,30.5,72.7
18:16:23,30.4,72.8
18:16:47,30.5,72.7
18:17:11,30.4,72.8
18:17:35,30.4,72.9
18:17:59,30.4,72.9
18:18:23,30.5,72.9
18:18:47,30.5,72.9
18:19:11,30.4,72.9
18:19:35,30.4,73.0
18:19:59,30.4,72.9
18:20:23,30.4,73.0
18:20:47,30.4,73.1
18:21:11,30.4,73.0
18:21:35,30.4,73.0
18:21:59,30.4,73.0
18:22:23,30.4,73.1
18:22:47,30.5,73.1
18:23:11,30.4,73.2
18:23:35,30.4,73.3
18:23:59,30.4,73.4
18:24:23,30.5,73.5
18:24:47,30.5,73.5
18:25:11,30.4,73.6
18:25:35,30.5,73.7
18:25:59,30.5,73.7
18:26:23,30.5,73.8
18:26:47,30.5,73.8
18:27:11,30.5,73.9
18:27:35,30.5,74.0
18:27:59,30.5,74.0
18:28:23,30.5,74.1
18:28:47,30.5,74.2
18:29:11,30.5,74.2
18:29:35,30.5,74.3
18:29:59,30.5,74.3
18:30:23,30.5,74.4
18:30:47,30.5,74.4
18:31:11,30.5,74.5
18:31:35,30.5,74.6
18:31:59,30.5,74.6
18:32:23,30.5,74.5
18:32:47,30.5,74.6
18:33:11,30.5,74.7
18:33:35,30.5,74.7
18:33:59,30.5,74.8
18:34:23,30.5,74.8
18:34:47,30.5,74.8
18:35:11,30.5,74.9
18:35:35,30.5,74.8
18:35:59,30.5,74.9
18:36:23,30.5,74.9
18:36:47,30.5,74.9
18:37:11,30.5,75.0
18:37:35,30.5,75.0
18:37:59,30.5,75.0
18:38:23,30.5,75.0
18:38:47,30.5,74.9
18:39:11,30.5,75.0
18:39:35,30.5,75.0
18:39:59,30.5,75.1
18:40:23,30.5,75.1
18:40:47,30.5,75.2
18:41:11,30.5,75.2
18:41:35,30.5,75.1
18:41:59,30.5,75.1
18:42:23,30.5,75.2
18:42:47,30.5,75.3
18:43:11,30.5,75.2
18:43:35,30.5,75.0
18:43:59,30.5,75.2
18:44:23,30.5,75.3
18:44:47,30.5,75.3
18:45:11,30.5,75.3
18:45:35,30.5,74.9
18:45:59,30.5,74.9
18:46:23,30.5,75.0
18:46:47,30.5,75.1
18:47:11,30.5,75.1
18:47:35,30.5,75.1
18:47:59,30.5,75.2
18:48:23,30.5,75.2
18:49:05,30.5,75.2
18:49:29,30.5,75.3
18:49:53,30.5,75.3
18:50:17,30.6,75.3
18:50:41,30.6,75.3
18:51:05,30.5,75.4
18:51:29,30.5,75.4
18:51:53,30.6,75.4
18:52:17,30.6,75.5
18:52:41,30.6,75.5
18:53:05,30.6,75.5
18:53:29,30.6,75.4
18:53:53,30.6,75.4
18:54:17,30.6,75.5
18:54:41,30.5,75.6
18:55:05,30.6,75.6
18:55:29,30.6,75.6
18:55:53,30.6,75.6
18:56:17,30.6,75.6
18:56:41,30.6,75.6
18:57:05,30.6,75.7
18:57:29,30.6,75.7
18:57:53,30.6,75.8
18:58:17,30.6,75.8
18:58:41,30.6,75.8
18:59:05,30.6,75.8
18:59:29,30.6,75.8
18:59:53,30.6,75.8
19:00:17,30.6,75.9
19:00:41,30.6,75.9
19:01:05,30.6,75.9
19:01:29,30.6,75.9
19:01:53,30.6,76.0
19:02:17,30.6,76.0
19:02:41,30.6,76.0
19:03:05,30.6,76.0
19:03:29,30.6,76.0
19:03:53,30.6,76.0
19:04:17,30.6,76.1
19:04:41,30.6,76.1
19:05:05,30.6,76.1
19:05:29,30.6,76.1
19:05:53,30.6,76.1
19:06:17,30.6,76.1
19:06:41,30.6,76.1
19:07:05,30.6,76.1
19:07:29,30.6,76.2
19:07:53,30.6,76.2
19:08:17,30.6,76.2
19:08:41,30.6,76.2
19:09:05,30.6,76.2
19:09:29,30.6,76.2
19:09:53,30.6,76.3
19:10:17,30.6,76.3
19:10:41,30.6,76.3
19:11:05,30.6,76.3
19:11:29,30.6,76.3
19:11:53,30.6,76.3
19:12:17,30.6,76.3
19:12:41,30.6,76.3
19:13:05,30.6,76.4
19:13:29,30.6,76.4
19:13:53,30.6,76.4
19:14:17,30.6,76.4
19:14:41,30.6,76.4
19:15:05,30.6,76.4
19:15:29,30.6,76.4
19:15:53,30.6,76.4
19:16:17,30.6,76.5
19:16:41,30.6,76.5
19:17:05,30.6,76.5
19:17:29,30.6,76.6
19:17:53,30.6,76.6
19:18:17,30.6,76.6
19:18:41,30.6,76.6
19:19:05,30.6,76.7
19:19:29,30.7,76.6
19:19:53,30.6,76.7
19:20:17,30.6,76.7
19:20:41,30.7,76.7
19:21:05,30.6,76.7
19:21:29,30.6,76.7
19:21:53,30.7,76.7
19:22:17,30.6,76.7
19:22:41,30.6,76.7
19:23:05,30.7,76.8
19:23:29,30.7,76.8
19:23:53,30.7,76.7
19:24:17,30.6,76.7
19:24:41,30.7,76.8
19:25:05,30.7,76.7
19:25:29,30.7,76.8
19:25:53,30.7,76.8
19:26:17,30.7,76.8
19:26:41,30.6,76.8
19:27:05,30.6,76.8
19:27:29,30.7,76.8
19:27:53,30.7,76.9
19:28:17,30.7,76.9
19:28:41,30.7,76.9
19:29:05,30.6,76.9
19:29:29,30.7,76.9
19:29:53,30.7,76.9
19:30:17,30.7,76.9
19:30:41,30.7,76.9
19:31:05,30.7,77.0
19:31:29,30.7,77.0
19:31:53,30.7,77.0
19:32:17,30.7,77.0
19:32:41,30.7,77.0
19:33:05,30.7,77.1
19:33:29,30.7,77.1
19:33:53,30.7,77.1
19:34:17,30.7,77.1
19:34:41,30.7,77.1
19:35:05,30.7,77.1
19:35:29,30.7,77.1
19:35:53,30.7,77.1
19:36:17,30.7,77.1
19:36:41,30.7,77.1
19:37:05,30.7,77.2
19:37:29,30.7,77.2
19:37:53,30.7,77.2
19:38:17,30.7,77.2
19:38:41,30.7,77.2
19:39:05,30.7,77.2
19:39:29,30.7,77.2
19:39:53,30.7,77.2
19:40:17,30.7,77.2
19:40:41,30.7,77.2
19:41:05,30.7,77.3
19:41:29,30.7,77.3
19:41:53,30.7,77.3
19:42:17,30.7,77.3
19:42:41,30.7,77.3
19:43:05,30.7,77.4
19:43:29,30.7,77.3
19:43:53,30.7,77.4
19:44:17,30.7,77.4
19:44:41,30.7,77.4
19:45:05,30.7,77.5
19:45:29,30.7,77.5
19:45:53,30.7,77.6
19:46:17,30.7,77.6
19:46:41,30.7,77.7
19:47:05,30.7,77.7
19:47:29,30.7,77.8
19:47:53,30.7,77.8
19:48:17,30.7,77.8
19:48:41,30.7,77.8
19:49:20,30.7,77.9
19:49:44,30.7,78.0
19:50:08,30.7,78.1
19:50:32,30.7,78.1
19:50:56,30.7,78.1
19:51:20,30.7,78.1
19:51:44,30.7,78.1
19:52:08,30.7,78.2
19:52:32,30.7,78.2
19:52:56,30.7,78.2
19:53:20,30.7,78.2
19:53:44,30.7,78.2
19:54:08,30.7,78.2
19:54:32,30.7,78.2
19:54:56,30.7,78.3
19:55:20,30.7,78.2
19:55:44,30.7,78.3
19:56:08,30.7,78.3
19:56:32,30.7,78.3
19:56:56,30.7,78.3
19:57:20,30.7,78.3
19:57:44,30.7,78.3
19:58:08,30.7,78.3
19:58:32,30.7,78.3
19:58:56,30.7,78.4
19:59:20,30.7,78.4
19:59:44,30.7,78.3
20:00:08,30.7,78.3
20:00:32,30.7,78.4
20:00:56,30.7,78.4
20:01:20,30.7,78.3
20:01:44,30.7,78.4
20:02:08,30.7,78.4
20:02:32,30.7,78.4
20:02:56,30.7,78.4
20:03:20,30.7,78.4
20:03:44,30.7,78.4
20:04:08,30.7,78.5
20:04:32,30.7,78.4
20:04:56,30.7,78.5
20:05:20,30.7,78.4
20:05:44,30.7,78.5
20:06:08,30.7,78.5
20:06:32,30.7,78.4
20:06:56,30.7,78.5
20:07:20,30.7,78.5
20:07:44,30.7,78.5
20:08:08,30.7,78.5
20:08:32,30.7,78.5
20:08:56,30.7,78.5
20:09:20,30.7,78.5
20:09:44,30.7,78.5
20:10:08,30.7,78.5
20:10:32,30.7,78.5
20:10:56,30.6,78.5
20:11:20,30.7,78.5
20:11:44,30.7,78.5
20:12:08,30.7,78.6
20:12:32,30.6,78.5
20:12:56,30.6,78.5
20:13:20,30.6,78.6
20:13:44,30.7,78.6
20:14:08,30.6,78.5
20:14:32,30.6,78.6
20:14:56,30.6,78.6
20:15:20,30.7,78.6
20:15:44,30.6,78.6
20:16:08,30.6,78.6
20:16:32,30.6,78.6
20:16:56,30.6,78.2
20:17:20,30.6,77.9
20:17:44,30.6,77.9
20:18:08,30.6,78.0
20:18:32,30.6,78.0
20:18:56,30.6,78.1
20:19:20,30.6,78.1
20:19:44,30.6,78.1
20:20:08,30.6,78.2
20:20:32,30.6,78.2
20:20:56,30.6,78.2
20:21:20,30.6,78.3
20:21:44,30.6,78.3
20:22:08,30.6,78.3
20:22:32,30.6,78.3
20:22:56,30.6,78.4
20:23:20,30.7,78.4
20:23:44,30.6,78.4
20:24:08,30.6,78.5
20:24:32,30.7,78.5
20:24:56,30.6,78.6
20:25:20,30.6,78.6
20:25:44,30.6,78.7
20:26:08,30.6,78.7
20:26:32,30.7,78.8
20:26:56,30.6,78.8
20:27:20,30.7,78.9
20:27:44,30.6,78.9
20:28:08,30.6,79.0
20:28:32,30.7,79.0
20:28:56,30.6,79.1
20:29:20,30.7,79.1
20:29:44,30.6,79.2
20:30:08,30.7,79.2
20:30:32,30.7,79.2
20:30:56,30.6,79.3
20:31:20,30.6,79.3
20:31:44,30.7,79.3
20:32:08,30.6,79.3
20:32:32,30.7,79.3
20:32:56,30.7,79.3
20:33:20,30.7,79.4
20:33:44,30.6,79.4
20:34:08,30.7,79.4
20:34:32,30.6,79.5
20:34:56,30.6,79.5
20:35:20,30.6,79.5
20:35:44,30.6,79.5
20:36:08,30.6,79.6
20:36:32,30.6,79.7
20:36:56,30.7,79.7
20:37:20,30.6,79.7
20:37:44,30.6,79.7
20:38:08,30.6,79.7
20:38:32,30.6,79.8
20:38:56,30.7,79.8
20:39:20,30.6,79.8
20:39:44,30.6,79.8
20:40:08,30.6,79.8
20:40:32,30.6,79.9
20:40:56,30.6,79.9
20:41:20,30.7,79.9
20:41:44,30.6,79.9
20:42:08,30.7,79.9
20:42:32,30.6,79.9
20:42:56,30.7,80.0
20:43:20,30.7,80.0
20:43:44,30.6,80.0
20:44:08,30.6,80.0
20:44:32,30.7,80.1
20:44:56,30.6,80.1
20:45:20,30.6,80.1
20:45:44,30.6,80.2
20:46:08,30.6,80.2
20:46:32,30.6,80.2
20:46:56,30.7,80.2
20:47:20,30.7,80.2
20:47:44,30.7,80.2
20:48:08,30.7,80.3
20:48:32,30.6,80.5
20:48:56,30.7,80.7
20:49:37,30.7,80.9
20:50:01,30.7,81.2
20:50:25,30.7,81.2
20:50:49,30.7,81.5
20:51:13,30.7,81.6
20:51:37,30.7,81.8
20:52:01,30.7,81.9
20:52:25,30.7,82.1
20:52:49,30.7,82.3
20:53:13,30.7,82.6
20:53:37,30.7,82.7
20:54:01,30.7,82.7
20:54:25,30.7,82.9
20:54:49,30.7,83.1
20:55:13,30.7,83.3
20:55:37,30.7,83.4
20:56:01,30.7,83.5
20:56:25,30.7,83.8
20:56:49,30.7,84.0
20:57:13,30.7,84.0
20:57:37,30.7,84.3
20:58:01,30.7,84.4
20:58:25,30.7,84.5
20:58:49,30.7,84.6
20:59:13,30.7,84.9
20:59:37,30.7,85.0
21:00:01,30.7,85.1
21:00:25,30.7,85.2
21:00:49,30.7,85.3
21:01:13,30.7,85.4
21:01:37,30.7,84.9
21:02:01,30.7,84.0
21:02:25,30.7,83.3
21:02:49,30.7,82.5
21:03:13,30.7,82.2
21:03:37,30.7,82.0
21:04:01,30.7,81.6
21:04:25,30.6,81.4
21:04:49,30.6,81.2
21:05:13,30.6,80.9
21:05:37,30.6,80.7
21:06:01,30.6,80.6
21:06:25,30.6,80.6
21:06:49,30.5,80.4
21:07:13,30.6,80.5
21:07:37,30.6,80.3
21:08:01,30.6,80.1
21:08:25,30.6,80.1
21:08:49,30.6,80.0
21:09:13,30.6,79.9
21:09:37,30.5,79.7
21:10:01,30.5,79.6
21:10:25,30.5,79.6
21:10:49,30.5,79.6
21:11:13,30.5,79.5
21:11:37,30.5,79.4
21:12:01,30.5,79.3
21:12:25,30.5,79.3
21:12:49,30.5,79.2
21:13:13,30.5,79.2
21:13:37,30.5,79.2
21:14:01,30.5,79.1
21:14:25,30.5,79.0
21:14:49,30.5,79.1
21:15:13,30.5,79.1
21:15:37,30.5,79.1
21:16:01,30.5,79.0
21:16:25,30.5,79.0
21:16:49,30.5,78.9
21:17:13,30.5,78.9
21:17:37,30.5,78.8
21:18:01,30.5,78.8
21:18:25,30.5,78.8
21:18:49,30.5,78.8
21:19:13,30.5,78.8
21:19:37,30.5,78.7
21:20:01,30.5,78.8
21:20:25,30.5,78.8
21:20:49,30.4,78.7
21:21:13,30.5,78.6
21:21:37,30.5,78.6
21:22:01,30.5,78.6
21:22:25,30.4,78.5
21:22:49,30.4,78.4
21:23:13,30.4,78.4
21:23:37,30.5,78.4
21:24:01,30.4,78.3
21:24:25,30.5,78.4
21:24:49,30.4,78.4
21:25:13,30.4,78.4
21:25:37,30.5,78.3
21:26:01,30.4,78.3
21:26:25,30.4,78.3
21:26:49,30.4,78.3
21:27:13,30.4,78.2
21:27:37,30.4,78.2
21:28:01,30.4,78.2
21:28:25,30.4,78.2
21:28:49,30.4,78.1
21:29:13,30.4,78.1
21:29:37,30.4,78.2
21:30:01,30.4,78.2
21:30:25,30.4,78.1
21:30:49,30.4,78.1
21:31:13,30.4,78.1
21:31:37,30.4,78.1
21:32:01,30.4,78.1
21:32:25,30.4,78.1
21:32:49,30.4,78.1
21:33:13,30.4,78.1
21:33:37,30.4,78.1
21:34:01,30.4,78.1
21:34:25,30.4,78.1
21:34:49,30.4,78.0
21:35:13,30.4,78.1
21:35:37,30.4,78.0
21:36:01,30.4,78.0
21:36:25,30.4,77.9
21:36:49,30.4,77.9
21:37:13,30.4,77.9
21:37:37,30.4,77.9
21:38:01,30.4,77.8
21:38:25,30.4,77.9
21:38:49,30.4,77.8
21:39:13,30.4,77.8
21:39:37,30.4,77.8
21:40:01,30.4,77.8
21:40:25,30.4,77.8
21:40:49,30.4,77.8
21:41:13,30.4,77.8
21:41:37,30.4,77.8
21:42:01,30.4,77.7
21:42:25,30.4,77.7
21:42:49,30.4,77.7
21:43:13,30.4,77.7
21:43:37,30.4,77.7
21:44:01,30.4,77.7
21:44:25,30.4,77.8
21:44:49,30.4,77.7
21:45:13,30.4,77.7
21:45:37,30.4,77.7
21:46:01,30.4,77.7
21:46:25,30.4,77.7
21:46:49,30.4,77.7
21:47:13,30.4,77.6
21:47:37,30.3,77.6
21:48:01,30.3,77.6
21:48:25,30.3,77.6
21:48:49,30.4,77.5
21:49:13,30.3,77.5
21:49:53,30.3,77.4
21:50:17,30.3,77.5
21:50:41,30.4,77.4
21:51:05,30.3,77.4
21:51:29,30.4,77.4
21:51:53,30.3,77.4
21:52:17,30.3,77.4
21:52:41,30.3,77.4
21:53:05,30.3,77.3
21:53:29,30.3,77.3
21:53:53,30.3,77.2
21:54:17,30.3,77.2
21:54:41,30.4,77.2
21:55:05,30.3,77.2
21:55:29,30.3,77.1
21:55:53,30.3,77.1
21:56:17,30.3,77.2
21:56:41,30.3,77.1
21:57:05,30.3,77.1
21:57:29,30.3,77.2
21:57:53,30.3,77.1
21:58:17,30.3,77.1
21:58:41,30.3,77.1
21:59:05,30.3,77.0
21:59:29,30.3,77.1
21:59:53,30.3,77.1
22:00:17,30.3,77.0
22:00:41,30.3,77.0
22:01:05,30.3,77.0
22:01:29,30.3,77.0
22:01:53,30.3,76.9
22:02:17,30.3,77.0
22:02:41,30.3,77.0
22:03:05,30.3,76.9
22:03:29,30.3,76.9
22:03:53,30.3,76.9
22:04:17,30.3,76.9
22:04:41,30.3,77.0
22:05:05,30.3,77.0
22:05:29,30.3,76.9
22:05:53,30.3,76.9
22:06:17,30.3,76.9
22:06:41,30.3,76.9
22:07:05,30.3,76.9
22:07:29,30.3,76.8
22:07:53,30.3,76.9
22:08:17,30.3,76.9
22:08:41,30.3,76.8
22:09:05,30.3,76.8
22:09:29,30.3,76.8
22:09:53,30.3,76.8
22:10:17,30.3,76.8
22:10:41,30.3,76.9
22:11:05,30.3,76.8
22:11:29,30.3,76.8
22:11:53,30.3,76.8
22:12:17,30.3,76.8
22:12:41,30.3,76.8
22:13:05,30.3,76.8
22:13:29,30.3,76.8
22:13:53,30.3,76.8
22:14:17,30.3,76.8
22:14:41,30.3,76.8
22:15:05,30.3,76.7
22:15:29,30.3,76.8
22:15:53,30.3,76.8
22:16:17,30.3,76.7
22:16:41,30.3,76.7
22:17:05,30.3,76.7
22:17:29,30.3,76.8
22:17:53,30.3,76.7
22:18:17,30.3,76.7
22:18:41,30.3,76.7
22:19:05,30.3,76.7
22:19:29,30.3,76.8
22:19:53,30.3,76.8
22:20:17,30.3,76.8
22:20:41,30.3,76.8
22:21:05,30.3,76.7
22:21:29,30.3,76.7
22:21:53,30.3,76.7
22:22:17,30.3,76.7
22:22:41,30.3,76.7
22:23:05,30.3,76.6
22:23:29,30.3,76.6
22:23:53,30.3,76.6
22:24:17,30.3,76.7
22:24:41,30.3,76.7
22:25:05,30.3,76.6
22:25:29,30.3,76.7
22:25:53,30.3,76.7
22:26:17,30.3,76.6
22:26:41,30.3,76.6
22:27:05,30.3,76.6
22:27:29,30.3,76.7
22:27:53,30.3,76.6
22:28:17,30.3,76.7
22:28:41,30.3,76.6
22:29:05,30.3,76.7
22:29:29,30.3,76.6
22:29:53,30.3,76.6
22:30:17,30.3,76.6
22:30:41,30.3,76.6
22:31:05,30.3,76.6
22:31:29,30.3,76.7
22:31:53,30.3,76.7
22:32:17,30.3,76.6
22:32:41,30.3,76.6
22:33:05,30.3,76.6
22:33:29,30.3,76.6
22:33:53,30.3,76.6
22:34:17,30.3,76.6
22:34:41,30.3,76.7
22:35:05,30.3,76.7
22:35:29,30.3,76.7
22:35:53,30.3,76.6
22:36:17,30.3,76.6
22:36:41,30.3,76.7
22:37:05,30.3,76.7
22:37:29,30.3,76.6
22:37:53,30.3,76.7
22:38:17,30.3,76.6
22:38:41,30.3,76.6
22:39:05,30.3,76.6
22:39:29,30.3,76.7
22:39:53,30.3,76.6
22:40:17,30.3,76.6
22:40:41,30.3,76.7
22:41:05,30.3,76.6
22:41:29,30.3,76.7
22:41:53,30.3,76.6
22:42:17,30.3,76.7
22:42:41,30.3,76.7
22:43:05,30.3,76.6
22:43:29,30.3,76.6
22:43:53,30.3,76.7
22:44:17,30.3,76.6
22:44:41,30.3,76.6
22:45:05,30.3,76.6
22:45:29,30.3,76.6
22:45:53,30.3,76.6
22:46:17,30.3,76.6
22:46:41,30.3,76.6
22:47:05,30.3,76.5
22:47:29,30.3,76.5
22:47:53,30.3,76.5
22:48:17,30.3,76.5
22:48:41,30.3,76.5
22:49:05,30.3,76.5
22:49:29,30.3,76.5
22:50:09,30.3,76.5
22:50:33,30.3,76.5
22:50:57,30.3,76.5
22:51:21,30.3,76.5
22:51:45,30.3,76.4
22:52:09,30.3,76.4
22:52:33,30.3,76.4
22:52:57,30.3,76.4
22:53:21,30.3,76.4
22:53:45,30.3,76.4
22:54:09,30.3,76.4
22:54:33,30.3,76.4
22:54:57,30.3,76.3
22:55:21,30.3,76.4
22:55:45,30.3,76.3
22:56:09,30.3,76.3
22:56:33,30.3,76.3
22:56:57,30.3,76.3
22:57:21,30.3,76.3
22:57:45,30.3,76.3
22:58:09,30.3,76.2
22:58:33,30.3,76.2
22:58:57,30.2,76.2
22:59:21,30.3,76.1
22:59:45,30.3,76.1
23:00:09,30.3,76.1
23:00:33,30.3,76.1
23:00:57,30.2,76.1
23:01:21,30.3,76.0
23:01:45,30.2,76.0
23:02:09,30.2,76.0
23:02:33,30.2,75.9
23:02:57,30.2,75.9
23:03:21,30.3,75.9
23:03:45,30.2,75.9
23:04:09,30.2,75.8
23:04:33,30.3,75.8
23:04:57,30.2,75.8
23:05:21,30.3,75.8
23:05:45,30.2,75.8
23:06:09,30.2,75.8
23:06:33,30.2,75.8
23:06:57,30.2,75.8
23:07:21,30.2,75.8
23:07:45,30.2,75.8
23:08:09,30.3,75.8
23:08:33,30.2,75.8
23:08:57,30.2,75.8
23:09:21,30.3,75.7
23:09:45,30.2,75.7
23:10:09,30.3,75.7
23:10:33,30.2,75.8
23:10:57,30.3,75.8
23:11:21,30.3,75.8
23:11:45,30.2,75.8
23:12:09,30.2,75.8
23:12:33,30.3,75.7
23:12:57,30.3,75.7
23:13:21,30.3,75.7
23:13:45,30.3,75.7
23:14:09,30.3,75.7
23:14:33,30.2,75.7
23:14:57,30.3,75.7
23:15:21,30.3,75.6
23:15:45,30.3,75.6
23:16:09,30.3,75.6
23:16:33,30.3,75.6
23:16:57,30.3,75.6
23:17:21,30.3,75.5
23:17:45,30.3,75.5
23:18:09,30.3,75.5
23:18:33,30.3,75.5
23:18:57,30.3,75.5
23:19:21,30.3,75.5
23:19:45,30.3,75.5
23:20:09,30.3,75.5
23:20:33,30.3,75.5
23:20:57,30.3,75.5
23:21:21,30.3,75.5
23:21:45,30.3,75.4
23:22:09,30.3,75.4
23:22:33,30.3,75.4
23:22:57,30.3,75.4
23:23:21,30.4,75.4
23:23:45,30.3,75.4
23:24:09,30.3,75.4
23:24:33,30.3,75.4
23:24:57,30.3,75.4
23:25:21,30.3,75.4
23:25:45,30.3,75.4
23:26:09,30.3,75.4
23:26:33,30.3,75.4
23:26:57,30.3,75.3
23:27:21,30.3,75.3
23:27:45,30.3,75.4
23:28:09,30.3,75.4
23:28:33,30.3,75.4
23:28:57,30.3,75.4
23:29:21,30.3,75.4
23:29:45,30.3,75.4
23:30:09,30.3,75.4
23:30:33,30.3,75.4
23:30:57,30.3,75.4
23:31:21,30.3,75.4
23:31:45,30.3,75.4
23:32:09,30.3,75.4
23:32:33,30.3,75.4
23:32:57,30.3,75.4
23:33:21,30.4,75.4
23:33:45,30.3,75.4
23:34:09,30.3,75.4
23:34:33,30.3,75.4
23:34:57,30.3,75.3
23:35:21,30.3,75.3
23:35:45,30.3,75.4
23:36:09,30.4,75.3
23:36:33,30.3,75.3
23:36:57,30.4,75.3
23:37:21,30.3,75.3
23:37:45,30.3,75.3
23:38:09,30.3,75.3
23:38:33,30.3,75.4
23:38:57,30.3,75.3
23:39:21,30.3,75.4
23:39:45,30.3,75.4
23:40:09,30.3,75.4
23:40:33,30.3,75.3
23:40:57,30.3,75.4
23:41:21,30.4,75.4
23:41:45,30.4,75.4
23:42:09,30.4,75.4
23:42:33,30.4,75.4
23:42:57,30.4,75.4
23:43:21,30.4,75.5
23:43:45,30.4,75.5
23:44:09,30.4,75.6
23:44:33,30.4,75.6
23:44:57,30.4,75.6
23:45:21,30.3,75.7
23:45:45,30.3,75.7
23:46:09,30.3,75.8
23:46:33,30.4,75.8
23:46:57,30.4,75.9
23:47:21,30.3,75.9
23:47:45,30.3,75.9
23:48:09,30.3,75.9
23:48:33,30.4,76.0
23:48:57,30.3,76.0
23:49:21,30.3,76.0
23:49:45,30.4,76.0
23:50:24,30.3,76.1
23:50:48,30.4,76.1
23:51:12,30.3,76.1
23:51:36,30.3,76.2
23:52:00,30.3,76.2
23:52:24,30.3,76.3
23:52:48,30.4,76.3
23:53:12,30.3,76.3
23:53:36,30.4,76.3
23:54:00,30.3,76.3
23:54:24,30.3,76.3
23:54:48,30.3,76.3
23:55:12,30.3,76.3
23:55:36,30.3,76.2
23:56:00,30.4,76.2
23:56:24,30.4,76.2
23:56:48,30.3,76.2
23:57:12,30.3,76.2
23:57:36,30.3,76.2
23:58:00,30.3,76.2
23:58:24,30.4,76.2
23:58:48,30.3,76.2
23:59:12,30.3,76.2
23:59:36,30.4,76.2
